{
  "stationCount": 496,
  "platformCount": 992,
  "head": [
    [
      "stop_id",
      "stop_name",
      "stop_lat",
      "stop_lon",
      "location_type",
      "parent_station"
    ],
    [
      "101",
      "Van Cortlandt Park-242 St",
      "40.889248",
      "-73.898583",
      "1",
      ""
    ],
    [
      "101N",
      "Van Cortlandt Park-242 St",
      "40.889248",
      "-73.898583",
      "",
      "101"
    ],
    [
      "101S",
      "Van Cortlandt Park-242 St",
      "40.889248",
      "-73.898583",
      "",
      "101"
    ],
    [
      "103",
      "238 St",
      "40.884667",
      "-73.900870",
      "1",
      ""
    ],
    [
      "103N",
      "238 St",
      "40.884667",
      "-73.900870",
      "",
      "103"
    ]
  ]
}